{"cameraMode":{"drawMode":0,"name":"Shaded","section":"Shading Mode"},"sceneLighting":false,"audioPlay":false,"sceneViewState":{"m_AlwaysRefresh":true,"showFog":false,"showSkybox":false,"showFlares":true,"showImageEffects":true,"showParticleSystems":true,"showVisualEffectGraphs":true,"m_FxEnabled":true},"in2DMode":false,"pivot":{"x":-0.862208366394043,"y":3.4688425064086916,"z":-3.421544075012207},"rotation":{"x":0.0051248823292553429,"y":-0.9890370965003967,"z":0.14372527599334718,"w":0.035050295293331149},"size":3.9253530502319338,"orthographic":false}