{"cameraMode":{"drawMode":0,"name":"Shaded","section":"Shading Mode"},"sceneLighting":false,"audioPlay":false,"sceneViewState":{"m_AlwaysRefresh":true,"showFog":false,"showSkybox":false,"showFlares":true,"showImageEffects":true,"showParticleSystems":true,"showVisualEffectGraphs":true,"m_FxEnabled":true},"in2DMode":false,"pivot":{"x":17.255334854125978,"y":-11.233882904052735,"z":-11.494848251342774},"rotation":{"x":-0.17024250328540803,"y":-0.7437064051628113,"z":0.20441432297229768,"w":-0.6139758229255676},"size":27.184988021850587,"orthographic":false}