{"cameraMode":{"drawMode":0,"name":"Shaded","section":"Shading Mode"},"sceneLighting":false,"audioPlay":false,"sceneViewState":{"m_AlwaysRefresh":true,"showFog":false,"showSkybox":false,"showFlares":true,"showImageEffects":true,"showParticleSystems":true,"showVisualEffectGraphs":true,"m_FxEnabled":true},"in2DMode":false,"pivot":{"x":0.28000134229660036,"y":-1.4901161193847657e-7,"z":3.5762786865234377e-7},"rotation":{"x":0.35469067096710207,"y":0.6388865113258362,"z":-0.4177020192146301,"w":0.540794312953949},"size":0.611616313457489,"orthographic":false}